,E,rec,sr
0,100, 13.806 , 8.417 
1,200, 10.599 , 3.433 
2,300, 7.106 , 2.648 
3,400, 6.433 , 2.797 
4,500, 5.292 , 3.687 
5,600, 4.800 , 2.771 
6,700, 4.276 , 2.435 
7,800, 4.032 , 2.255 
8,900, 3.685 , 2.381 
9,1000, 4.021 , 1.429 
10,1100, 3.635 , 1.997 
11,1200, 3.277 , 1.378 
12,1300, 2.819 , 1.219 
13,1400, 2.861 , 2.248 
14,1500, 2.919 , 1.149 
15,1600, 2.783 , 1.811 
16,1700, 2.665 , 1.118 
17,1800, 2.473 , 1.728 
18,1900, 2.272 , 1.752 
19,2000, 2.000 , 1.615 
20,2100, 2.220 , 2.272 
21,2200, 2.056 , 1.876 
22,2300, 2.039 , 1.653 
23,2400, 1.781 , 1.245 
24,2500, 1.966 , 1.257 
25,2600, 2.089 , 2.270 
26,2700, 1.861 , 1.778 
27,2800, 1.802 , 1.392 
28,2900, 1.842 , 1.649 
29,3000, 1.753 , 1.744 
30,3100, 1.843 , 2.007 
31,3200, 1.740 , 1.539 
32,3300, 1.725 , 1.486 
33,3400, 1.366 , 1.930 
34,3500, 1.716 , 1.628 
35,3600, 1.609 , 1.847 
36,3700, 1.666 , 1.174 
37,3800, 1.367 , 1.003 
38,3900, 1.400 , 1.023 
39,4000, 1.455 , 0.851 
40,4100, 1.462 , 0.983 
41,4200, 1.520 , 1.377 
42,4300, 1.288 , 0.892 
43,4400, 1.853 , 1.505 
44,4500, 1.425 , 1.315 
45,4600, 1.541 , 1.097 
46,4700, 1.145 , 1.178 
47,4800, 1.276 , 0.613 
48,4900, 1.186 , 1.650 
49,5000, 1.392 , 1.841 
50,5100, 1.403 , 0.742 
51,5200, 1.364 , 0.820 
52,5300, 1.249 , 0.646 
53,5400, 1.170 , 2.228 
54,5500, 1.402 , 1.272 
55,5600, 1.137 , 1.220 
56,5700, 1.465 , 1.601 
57,5800, 1.363 , 1.439 
58,5900, 1.370 , 0.844 
59,6000, 1.234 , 1.378 
74,6100, 1.400 , 1.322 
75,6200, 1.405 , 0.909 
76,6300, 1.002 , 0.784 
77,6400, 1.486 , 0.815 
78,6500, 1.186 , 1.573 
79,6600, 1.258 , 1.174 
80,6700, 1.268 , 1.115 
81,6800, 1.203 , 0.819 
82,6900, 1.156 , 0.858 
83,7000, 1.004 , 0.689 
98,7100, 1.059 , 1.054 
99,7200, 1.117 , 0.750 
100,7300, 1.230 , 0.867 
101,7400, 1.089 , 1.403 
102,7500, 1.194 , 1.235 
103,7600, 1.059 , 1.458 
104,7700, 1.413 , 0.687 
105,7800, 1.261 , 1.097 
106,7900, 1.261 , 1.630 
107,8000, 1.281 , 1.224 
122,8100, 0.952 , 1.719 
123,8200, 1.212 , 1.244 
124,8300, 1.057 , 1.098 
125,8400, 1.087 , 1.295 
126,8500, 1.295 , 0.655 
127,8600, 1.033 , 0.918 
128,8700, 1.212 , 1.332 
129,8800, 1.165 , 0.962 
130,8900, 1.040 , 1.041 
131,9000, 1.341 , 0.919 
146,9100, 0.960 , 1.531 
147,9200, 1.207 , 0.939 
148,9300, 1.060 , 0.930 
149,9400, 1.009 , 0.577 
150,9500, 1.070 , 0.909 
151,9600, 1.015 , 1.103 
152,9700, 1.012 , 1.223 
153,9800, 1.283 , 0.587 
154,9900, 1.095 , 1.255 
155,10000, 0.962 , 1.085 
170,10100, 0.916 , 0.887 
171,10200, 1.001 , 1.012 
172,10300, 0.893 , 0.948 
173,10400, 0.811 , 0.714 
174,10500, 1.207 , 0.923 
175,10600, 1.159 , 1.355 
176,10700, 1.142 , 1.196 
177,10800, 0.933 , 0.984 
178,10900, 1.236 , 0.977 
179,11000, 0.963 , 0.561 
194,11100, 1.252 , 0.856 
195,11200, 0.874 , 1.043 
196,11300, 1.106 , 0.716 
197,11400, 0.931 , 0.756 
198,11500, 0.842 , 0.935 
199,11600, 0.948 , 0.895 
200,11700, 0.945 , 0.428 
201,11800, 1.180 , 1.256 
202,11900, 0.835 , 1.041 
203,12000, 1.089 , 0.966 
218,12100, 0.962 , 0.534 
219,12200, 1.274 , 0.955 
220,12300, 0.892 , 0.645 
221,12400, 0.972 , 0.872 
222,12500, 0.861 , 0.439 
223,12600, 0.995 , 1.422 
224,12700, 1.152 , 0.701 
225,12800, 0.972 , 0.681 
226,12900, 0.963 , 0.430 
227,13000, 1.200 , 1.352 
242,13100, 1.051 , 0.651 
243,13200, 1.000 , 1.107 
244,13300, 1.086 , 0.727 
245,13400, 0.931 , 0.845 
246,13500, 1.242 , 0.784 
247,13600, 1.091 , 0.722 
248,13700, 1.096 , 0.504 
249,13800, 0.814 , 0.672 
250,13900, 1.247 , 1.779 
251,14000, 0.765 , 0.868 
266,14100, 0.936 , 0.408 
267,14200, 0.970 , 0.914 
268,14300, 1.232 , 0.719 
269,14400, 1.462 , 0.786 
270,14500, 0.877 , 0.840 
271,14600, 0.989 , 0.936 
272,14700, 0.912 , 0.565 
273,14800, 1.200 , 0.807 
274,14900, 0.986 , 1.283 
275,15000, 0.997 , 0.546 
290,15100, 1.136 , 0.723 
291,15200, 1.078 , 0.884 
292,15300, 0.996 , 0.376 
293,15400, 0.867 , 1.895 
294,15500, 1.119 , 0.642 
295,15600, 0.911 , 1.209 
296,15700, 0.842 , 0.955 
297,15800, 1.198 , 0.550 
298,15900, 0.937 , 0.784 
299,16000, 0.872 , 0.658 
314,16100, 0.908 , 0.635 
315,16200, 1.087 , 0.649 
316,16300, 0.782 , 0.461 
317,16400, 1.007 , 0.959 
318,16500, 0.957 , 0.485 
319,16600, 0.945 , 0.803 
320,16700, 1.035 , 0.477 
321,16800, 1.241 , 0.633 
322,16900, 0.988 , 0.396 
323,17000, 1.135 , 0.434 
338,17100, 0.994 , 0.493 
339,17200, 0.837 , 0.515 
340,17300, 1.002 , 0.531 
341,17400, 0.908 , 0.480 
342,17500, 1.019 , 0.373 
343,17600, 0.880 , 0.414 
344,17700, 0.731 , 0.402 
345,17800, 1.263 , 0.542 
346,17900, 1.020 , 0.404 
347,18000, 0.987 , 0.408 
362,18100, 1.213 , 1.191 
363,18200, 0.751 , 0.762 
364,18300, 0.972 , 0.967 
365,18400, 1.030 , 0.665 
366,18500, 0.855 , 0.476 
367,18600, 0.939 , 0.655 
368,18700, 0.829 , 0.846 
369,18800, 1.025 , 0.431 
370,18900, 0.820 , 0.905 
371,19000, 0.958 , 0.871 
386,19100, 1.123 , 0.844 
387,19200, 1.324 , 0.739 
388,19300, 0.797 , 0.454 
389,19400, 0.828 , 0.377 
390,19500, 0.808 , 0.399 
391,19600, 1.012 , 0.810 
392,19700, 0.974 , 0.434 
393,19800, 0.944 , 1.050 
394,19900, 1.094 , 0.543 
395,20000, 0.911 , 0.738 
410,20100, 0.895 , 0.875 
411,20200, 0.909 , 0.840 
412,20300, 0.933 , 0.439 
413,20400, 0.785 , 0.679 
414,20500, 0.755 , 0.648 
415,20600, 0.979 , 0.549 
416,20700, 0.819 , 0.845 
417,20800, 1.137 , 0.454 
418,20900, 1.061 , 0.867 
419,21000, 0.738 , 1.015 
434,21100, 1.047 , 1.026 
435,21200, 0.767 , 0.392 
436,21300, 0.849 , 0.485 
437,21400, 0.792 , 0.645 
438,21500, 0.728 , 0.846 
439,21600, 1.059 , 0.518 
440,21700, 0.780 , 0.420 
441,21800, 1.071 , 0.592 
442,21900, 0.917 , 1.089 
443,22000, 0.934 , 0.343 
458,22100, 0.820 , 0.513 
459,22200, 0.950 , 0.357 
460,22300, 1.025 , 0.940 
461,22400, 0.889 , 0.348 
462,22500, 1.123 , 0.587 
463,22600, 1.042 , 0.925 
464,22700, 1.145 , 0.908 
465,22800, 0.814 , 0.899 
466,22900, 0.735 , 0.681 
467,23000, 0.702 , 0.368 
482,23100, 1.215 , 0.940 
483,23200, 0.761 , 0.663 
484,23300, 0.876 , 0.601 
485,23400, 1.152 , 0.547 
486,23500, 0.869 , 0.518 
487,23600, 0.892 , 0.571 
488,23700, 0.840 , 0.633 
489,23800, 1.214 , 0.349 
490,23900, 1.053 , 0.519 
491,24000, 0.942 , 0.373 
506,24100, 1.257 , 1.252 
507,24200, 0.858 , 0.546 
508,24300, 0.841 , 0.335 
509,24400, 0.964 , 1.003 
510,24500, 0.877 , 0.718 
511,24600, 0.814 , 0.521 
512,24700, 0.742 , 0.816 
513,24800, 0.951 , 0.572 
514,24900, 0.971 , 0.692 
515,25000, 0.753 , 0.392 
530,25100, 0.820 , 0.970 
531,25200, 0.903 , 0.744 
532,25300, 0.754 , 0.707 
533,25400, 1.029 , 0.485 
534,25500, 0.897 , 0.670 
535,25600, 0.824 , 0.635 
536,25700, 0.774 , 0.609 
537,25800, 0.792 , 0.590 
538,25900, 0.732 , 0.420 
539,26000, 0.731 , 0.414 
554,26100, 1.012 , 0.952 
555,26200, 0.721 , 0.898 
556,26300, 0.748 , 1.039 
557,26400, 0.683 , 0.538 
558,26500, 0.867 , 0.591 
559,26600, 0.687 , 0.351 
560,26700, 0.862 , 0.573 
561,26800, 0.870 , 0.603 
562,26900, 0.807 , 0.429 
563,27000, 0.665 , 0.305 
578,27100, 0.929 , 0.769 
579,27200, 0.881 , 0.437 
580,27300, 0.696 , 0.435 
581,27400, 0.977 , 0.727 
582,27500, 0.922 , 0.385 
583,27600, 0.745 , 0.834 
584,27700, 1.022 , 0.526 
585,27800, 1.084 , 0.491 
586,27900, 0.904 , 0.478 
587,28000, 0.911 , 0.265 
602,28100, 0.952 , 0.877 
603,28200, 0.751 , 0.758 
604,28300, 0.676 , 0.819 
605,28400, 0.993 , 0.718 
606,28500, 0.952 , 0.749 
607,28600, 0.817 , 0.627 
608,28700, 0.801 , 0.414 
609,28800, 0.727 , 0.379 
610,28900, 0.758 , 0.382 
611,29000, 0.750 , 0.410 
626,29100, 0.762 , 0.997 
627,29200, 0.866 , 0.302 
628,29300, 0.722 , 0.836 
629,29400, 0.846 , 0.842 
630,29500, 0.688 , 0.799 
631,29600, 0.926 , 0.863 
632,29700, 0.706 , 0.289 
633,29800, 0.900 , 0.420 
634,29900, 0.832 , 0.704 
635,30000, 1.043 , 0.759 
650,30100, 0.977 , 0.435 
651,30200, 0.707 , 0.597 
652,30300, 0.860 , 0.613 
653,30400, 0.743 , 0.725 
654,30500, 0.721 , 0.742 
655,30600, 0.962 , 0.708 
656,30700, 1.013 , 0.646 
657,30800, 0.911 , 0.893 
658,30900, 0.961 , 0.634 
659,31000, 0.981 , 0.540 
674,31100, 0.833 , 0.306 
675,31200, 0.709 , 0.775 
676,31300, 0.757 , 0.788 
677,31400, 0.714 , 0.809 
678,31500, 0.818 , 0.466 
679,31600, 0.730 , 0.505 
680,31700, 0.945 , 0.483 
681,31800, 1.011 , 0.759 
682,31900, 0.751 , 0.542 
683,32000, 0.865 , 0.654 
698,32100, 0.706 , 0.639 
699,32200, 0.742 , 0.745 
700,32300, 0.896 , 0.764 
701,32400, 0.657 , 0.462 
702,32500, 0.856 , 0.382 
703,32600, 0.794 , 0.691 
704,32700, 0.866 , 0.392 
705,32800, 1.012 , 0.460 
706,32900, 0.596 , 0.517 
707,33000, 0.856 , 0.250 
722,33100, 0.868 , 1.045 
723,33200, 0.906 , 0.825 
724,33300, 0.886 , 0.523 
725,33400, 0.837 , 0.690 
726,33500, 0.893 , 0.652 
727,33600, 0.961 , 0.381 
728,33700, 1.001 , 0.474 
729,33800, 0.785 , 0.499 
730,33900, 0.843 , 0.417 
731,34000, 0.893 , 0.395 
746,34100, 0.735 , 0.351 
747,34200, 0.825 , 0.335 
748,34300, 0.874 , 0.480 
749,34400, 0.868 , 0.252 
750,34500, 0.864 , 0.638 
751,34600, 0.695 , 0.276 
752,34700, 0.733 , 0.260 
753,34800, 0.929 , 0.395 
754,34900, 0.931 , 0.397 
755,35000, 0.791 , 0.646 
770,35100, 0.828 , 0.555 
771,35200, 0.833 , 0.629 
772,35300, 0.547 , 0.533 
773,35400, 0.860 , 0.584 
774,35500, 0.962 , 0.501 
775,35600, 1.029 , 0.794 
776,35700, 0.959 , 0.723 
777,35800, 1.214 , 0.632 
778,35900, 0.721 , 0.763 
779,36000, 0.813 , 0.720 
794,36100, 0.836 , 0.699 
795,36200, 1.002 , 0.433 
796,36300, 0.688 , 0.679 
797,36400, 0.878 , 0.589 
798,36500, 0.982 , 0.397 
799,36600, 0.801 , 0.784 
800,36700, 0.849 , 0.663 
801,36800, 0.779 , 0.670 
802,36900, 0.855 , 0.689 
803,37000, 0.908 , 0.617 
818,37100, 0.755 , 0.394 
819,37200, 0.917 , 0.404 
820,37300, 0.917 , 0.705 
821,37400, 0.777 , 0.747 
822,37500, 0.787 , 0.721 
823,37600, 0.891 , 0.686 
824,37700, 1.167 , 0.638 
825,37800, 0.912 , 0.341 
826,37900, 0.797 , 0.543 
827,38000, 0.987 , 0.339 
842,38100, 0.748 , 0.467 
843,38200, 0.893 , 0.385 
844,38300, 0.825 , 0.470 
845,38400, 0.743 , 0.713 
846,38500, 0.644 , 0.647 
847,38600, 0.936 , 0.634 
848,38700, 0.948 , 0.228 
849,38800, 0.721 , 0.816 
850,38900, 0.867 , 0.595 
851,39000, 0.768 , 0.587 
866,39100, 1.021 , 0.570 
867,39200, 0.954 , 0.743 
868,39300, 0.959 , 0.419 
869,39400, 0.821 , 0.729 
870,39500, 0.884 , 0.573 
871,39600, 0.584 , 0.638 
872,39700, 0.956 , 0.661 
873,39800, 0.771 , 0.658 
874,39900, 1.018 , 0.609 
875,40000, 0.763 , 0.602 
890,40100, 0.791 , 0.524 
891,40200, 0.929 , 0.484 
892,40300, 0.743 , 0.661 
893,40400, 0.892 , 0.702 
894,40500, 0.735 , 0.772 
895,40600, 0.827 , 0.414 
896,40700, 0.773 , 0.559 
897,40800, 0.795 , 0.417 
898,40900, 0.830 , 0.697 
899,41000, 0.823 , 0.564 
914,41100, 0.800 , 0.391 
915,41200, 0.690 , 0.630 
916,41300, 0.707 , 0.637 
917,41400, 0.816 , 0.474 
918,41500, 1.009 , 0.449 
919,41600, 0.882 , 0.752 
920,41700, 0.880 , 0.367 
921,41800, 0.969 , 0.648 
922,41900, 0.898 , 0.697 
923,42000, 0.822 , 0.656 
938,42100, 0.713 , 0.699 
939,42200, 0.820 , 0.387 
940,42300, 0.938 , 0.396 
941,42400, 0.742 , 0.555 
942,42500, 0.733 , 0.571 
943,42600, 0.909 , 0.588 
944,42700, 0.931 , 0.508 
945,42800, 0.967 , 0.577 
946,42900, 0.793 , 0.506 
947,43000, 0.791 , 0.521 
962,43100, 0.866 , 0.571 
963,43200, 0.737 , 0.636 
964,43300, 0.856 , 0.515 
965,43400, 0.757 , 0.306 
966,43500, 0.767 , 0.541 
967,43600, 1.023 , 0.407 
968,43700, 0.755 , 0.384 
969,43800, 0.938 , 0.350 
970,43900, 0.917 , 0.437 
971,44000, 0.775 , 0.394 
986,44100, 0.724 , 0.388 
987,44200, 0.852 , 0.459 
988,44300, 0.758 , 0.553 
989,44400, 0.755 , 0.609 
990,44500, 0.903 , 0.660 
991,44600, 0.944 , 0.431 
992,44700, 0.762 , 0.480 
993,44800, 0.824 , 0.394 
994,44900, 0.537 , 0.370 
995,45000, 0.866 , 0.553 
1010,45100, 0.575 , 0.573 
1011,45200, 0.767 , 0.506 
1012,45300, 0.678 , 0.346 
1013,45400, 0.990 , 0.439 
1014,45500, 0.715 , 0.358 
1015,45600, 1.010 , 0.505 
1016,45700, 0.772 , 0.682 
1017,45800, 0.979 , 0.596 
1018,45900, 0.647 , 0.670 
1019,46000, 0.700 , 0.543 
1034,46100, 0.793 , 0.671 
1035,46200, 0.642 , 0.637 
1036,46300, 0.719 , 0.378 
1037,46400, 1.051 , 0.415 
1038,46500, 0.688 , 0.347 
1039,46600, 0.785 , 0.599 
1040,46700, 0.672 , 0.470 
1041,46800, 0.859 , 0.615 
1042,46900, 0.768 , 0.650 
1043,47000, 0.916 , 0.259 
1058,47100, 0.778 , 0.458 
1059,47200, 0.859 , 0.388 
1060,47300, 0.744 , 0.319 
1061,47400, 0.999 , 0.319 
1062,47500, 0.824 , 0.323 
1063,47600, 0.865 , 0.337 
1064,47700, 1.039 , 0.371 
1065,47800, 0.692 , 0.832 
1066,47900, 0.655 , 0.707 
1067,48000, 0.887 , 0.503 
1082,48100, 0.896 , 0.478 
1083,48200, 0.665 , 0.482 
1084,48300, 0.942 , 0.581 
1085,48400, 0.752 , 0.470 
1086,48500, 0.692 , 0.511 
1087,48600, 0.757 , 0.547 
1088,48700, 0.922 , 0.317 
1089,48800, 0.900 , 0.922 
1090,48900, 0.918 , 0.443 
1091,49000, 0.738 , 0.500 
1106,49100, 0.779 , 0.379 
1107,49200, 1.045 , 0.386 
1108,49300, 0.847 , 0.356 
1109,49400, 0.781 , 0.380 
1110,49500, 0.998 , 0.691 
1111,49600, 0.876 , 0.869 
1112,49700, 0.881 , 0.344 
1113,49800, 0.892 , 0.398 
1114,49900, 0.680 , 0.373 
1115,50000, 0.909 , 0.347 
1130,50100, 0.861 , 0.392 
1131,50200, 0.743 , 0.253 
1132,50300, 0.672 , 0.209 
1133,50400, 0.757 , 0.825 
1134,50500, 0.913 , 0.433 
1135,50600, 0.839 , 0.408 
1136,50700, 0.906 , 0.423 
1137,50800, 0.864 , 0.355 
1138,50900, 0.719 , 0.363 
1139,51000, 0.775 , 0.331 
1154,51100, 0.713 , 0.214 
1155,51200, 0.921 , 0.487 
1156,51300, 0.993 , 0.608 
1157,51400, 0.771 , 0.292 
1158,51500, 0.708 , 0.595 
1159,51600, 1.094 , 0.657 
1160,51700, 0.769 , 0.368 
1161,51800, 0.713 , 0.360 
1162,51900, 0.866 , 0.448 
1163,52000, 1.049 , 0.535 
1178,52100, 0.761 , 0.491 
1179,52200, 0.830 , 0.383 
1180,52300, 0.761 , 0.463 
1181,52400, 0.638 , 0.442 
1182,52500, 0.918 , 0.501 
1183,52600, 0.899 , 0.518 
1184,52700, 0.767 , 0.382 
1185,52800, 0.719 , 0.288 
1186,52900, 0.821 , 0.371 
1187,53000, 0.724 , 0.510 
1202,53100, 0.789 , 0.609 
1203,53200, 0.645 , 0.662 
1204,53300, 0.940 , 0.530 
1205,53400, 0.875 , 0.601 
1206,53500, 0.694 , 0.390 
1207,53600, 1.059 , 0.441 
1208,53700, 0.769 , 0.356 
1209,53800, 0.882 , 0.570 
1210,53900, 0.555 , 0.465 
1211,54000, 0.742 , 0.460 
1226,54100, 0.717 , 0.340 
1227,54200, 0.648 , 0.526 
1228,54300, 0.754 , 0.446 
1229,54400, 0.948 , 0.574 
1230,54500, 0.712 , 0.519 
1231,54600, 0.804 , 0.569 
1232,54700, 0.802 , 0.541 
1233,54800, 0.769 , 0.543 
1234,54900, 0.666 , 0.290 
1235,55000, 0.682 , 0.580 
1250,55100, 0.756 , 0.606 
1251,55200, 0.781 , 0.558 
1252,55300, 1.026 , 0.474 
1253,55400, 0.818 , 0.427 
1254,55500, 0.890 , 0.297 
1255,55600, 0.998 , 0.440 
1256,55700, 0.685 , 0.531 
1257,55800, 0.708 , 0.342 
1258,55900, 0.816 , 0.430 
1259,56000, 0.740 , 0.388 
1274,56100, 0.748 , 0.339 
1275,56200, 0.932 , 0.427 
1276,56300, 0.701 , 0.317 
1277,56400, 0.667 , 0.539 
1278,56500, 0.884 , 0.627 
1279,56600, 0.777 , 0.586 
1280,56700, 0.818 , 0.333 
1281,56800, 0.798 , 0.597 
1282,56900, 0.779 , 0.473 
1283,57000, 0.687 , 0.417 
1298,57100, 0.575 , 0.468 
1299,57200, 0.837 , 0.695 
1300,57300, 0.945 , 0.488 
1301,57400, 0.778 , 0.383 
1302,57500, 0.851 , 0.361 
1303,57600, 0.837 , 0.398 
1304,57700, 0.642 , 0.401 
1305,57800, 0.898 , 0.628 
1306,57900, 0.721 , 0.562 
1307,58000, 0.835 , 0.595 
1322,58100, 0.959 , 0.545 
1323,58200, 0.748 , 0.566 
1324,58300, 0.804 , 0.406 
1325,58400, 0.917 , 0.521 
1326,58500, 0.821 , 0.439 
1327,58600, 0.749 , 0.321 
1328,58700, 0.865 , 0.382 
1329,58800, 0.702 , 0.352 
1330,58900, 0.890 , 0.531 
1331,59000, 0.792 , 0.412 
1346,59100, 0.758 , 0.416 
1347,59200, 0.751 , 0.474 
1348,59300, 0.849 , 0.460 
1349,59400, 0.926 , 0.534 
1350,59500, 0.623 , 0.339 
1351,59600, 0.967 , 0.497 
1352,59700, 0.776 , 0.237 
1353,59800, 0.982 , 0.676 
1354,59900, 0.746 , 0.385 
1355,60000, 0.696 , 0.282 
1370,60100, 0.784 , 0.597 
1371,60200, 0.814 , 0.234 
1372,60300, 0.880 , 0.418 
1373,60400, 0.725 , 0.388 
1374,60500, 0.822 , 0.338 
1375,60600, 0.761 , 0.366 
1376,60700, 0.722 , 0.416 
1377,60800, 0.781 , 0.226 
1378,60900, 0.842 , 0.532 
1379,61000, 0.734 , 0.488 
1394,61100, 0.655 , 0.585 
1395,61200, 0.723 , 0.445 
1396,61300, 0.833 , 0.502 
1397,61400, 0.857 , 1.047 
1398,61500, 0.830 , 0.386 
1399,61600, 0.866 , 0.445 
1400,61700, 0.734 , 0.347 
1401,61800, 0.804 , 0.327 
1402,61900, 0.658 , 0.311 
1403,62000, 0.762 , 0.684 
1418,62100, 0.713 , 0.335 
1419,62200, 0.756 , 0.386 
1420,62300, 0.888 , 0.601 
1421,62400, 0.576 , 0.481 
1422,62500, 0.723 , 0.571 
1423,62600, 0.772 , 0.529 
1424,62700, 0.824 , 0.472 
1425,62800, 0.667 , 0.436 
1426,62900, 0.932 , 0.305 
1427,63000, 0.762 , 0.299 
1442,63100, 0.931 , 0.225 
1443,63200, 0.859 , 0.373 
1444,63300, 0.581 , 0.390 
1445,63400, 0.897 , 0.573 
1446,63500, 0.564 , 0.461 
1447,63600, 0.898 , 0.445 
1448,63700, 0.619 , 0.278 
1449,63800, 0.678 , 0.331 
1450,63900, 0.641 , 0.325 
1451,64000, 0.662 , 0.330 
1466,64100, 0.847 , 0.387 
1467,64200, 0.528 , 0.185 
1468,64300, 0.610 , 0.428 
1469,64400, 0.642 , 0.491 
1470,64500, 0.520 , 0.487 
1471,64600, 0.716 , 0.621 
1472,64700, 0.728 , 0.325 
1473,64800, 0.685 , 0.515 
1474,64900, 0.782 , 0.364 
1475,65000, 0.920 , 0.364 
1490,65100, 0.639 , 0.320 
1491,65200, 0.652 , 0.344 
1492,65300, 0.715 , 0.363 
1493,65400, 0.948 , 0.406 
1494,65500, 0.585 , 0.239 
1495,65600, 0.761 , 0.281 
1496,65700, 0.829 , 0.348 
1497,65800, 0.562 , 0.653 
1498,65900, 0.529 , 0.536 
1499,66000, 0.751 , 0.391 
1514,66100, 1.047 , 0.547 
1515,66200, 0.691 , 0.591 
1516,66300, 0.905 , 0.570 
1517,66400, 0.820 , 0.488 
1518,66500, 0.799 , 0.490 
1519,66600, 0.946 , 0.515 
1520,66700, 0.837 , 0.457 
1521,66800, 0.595 , 0.482 
1522,66900, 0.935 , 0.474 
1523,67000, 0.754 , 0.457 
1538,67100, 0.777 , 0.415 
1539,67200, 0.852 , 0.326 
1540,67300, 0.714 , 0.212 
1541,67400, 0.717 , 0.390 
1542,67500, 0.730 , 0.434 
1543,67600, 0.978 , 0.321 
1544,67700, 0.714 , 0.392 
1545,67800, 1.196 , 0.321 
1546,67900, 0.791 , 0.291 
1547,68000, 0.765 , 0.252 
1562,68100, 0.753 , 0.374 
1563,68200, 0.799 , 0.498 
1564,68300, 0.788 , 0.428 
1565,68400, 0.689 , 0.268 
1566,68500, 0.593 , 0.380 
1567,68600, 0.683 , 0.580 
1568,68700, 0.720 , 0.513 
1569,68800, 0.658 , 0.501 
1570,68900, 0.780 , 0.455 
1571,69000, 0.920 , 0.437 
1586,69100, 0.897 , 0.164 
1587,69200, 0.811 , 0.473 
1588,69300, 0.650 , 0.339 
1589,69400, 0.675 , 0.362 
1590,69500, 1.098 , 0.494 
1591,69600, 0.884 , 0.385 
1592,69700, 0.858 , 0.272 
1593,69800, 0.639 , 0.483 
1594,69900, 0.921 , 0.302 
1595,70000, 0.786 , 0.298 
1610,70100, 0.764 , 0.389 
1611,70200, 1.004 , 0.567 
1612,70300, 0.752 , 0.397 
1613,70400, 0.918 , 0.397 
1614,70500, 0.661 , 0.363 
1615,70600, 0.827 , 0.525 
1616,70700, 0.780 , 0.282 
1617,70800, 0.792 , 0.391 
1618,70900, 0.885 , 0.310 
1619,71000, 0.732 , 0.235 
1634,71100, 0.772 , 0.237 
1635,71200, 0.790 , 0.508 
1636,71300, 0.652 , 0.455 
1637,71400, 0.865 , 0.238 
1638,71500, 0.733 , 0.319 
1639,71600, 0.700 , 0.329 
1640,71700, 0.797 , 0.406 
1641,71800, 0.748 , 0.327 
1642,71900, 0.594 , 0.698 
1643,72000, 0.625 , 0.273 
1658,72100, 0.659 , 0.369 
1659,72200, 0.685 , 0.232 
1660,72300, 0.875 , 0.610 
1661,72400, 0.773 , 0.269 
1662,72500, 0.514 , 0.475 
1663,72600, 1.026 , 0.537 
1664,72700, 0.851 , 0.468 
1665,72800, 0.804 , 0.452 
1666,72900, 0.885 , 0.471 
1667,73000, 0.690 , 0.605 
1682,73100, 0.853 , 0.263 
1683,73200, 0.665 , 0.458 
1684,73300, 0.759 , 0.600 
1685,73400, 0.705 , 0.365 
1686,73500, 0.870 , 0.303 
1687,73600, 0.846 , 0.418 
1688,73700, 0.787 , 0.229 
1689,73800, 0.629 , 0.582 
1690,73900, 0.736 , 0.406 
1691,74000, 0.578 , 0.395 
1706,74100, 0.830 , 0.308 
1707,74200, 0.872 , 0.496 
1708,74300, 0.824 , 0.487 
1709,74400, 0.939 , 0.519 
1710,74500, 0.843 , 0.498 
1711,74600, 0.633 , 0.528 
1712,74700, 1.010 , 0.260 
1713,74800, 0.808 , 0.343 
1714,74900, 0.777 , 0.401 
1715,75000, 0.621 , 0.386 
1730,75100, 0.850 , 0.476 
1731,75200, 0.835 , 0.393 
1732,75300, 0.516 , 0.377 
1733,75400, 0.851 , 0.269 
1734,75500, 0.922 , 0.240 
1735,75600, 0.829 , 0.348 
1736,75700, 0.888 , 0.942 
1737,75800, 0.812 , 0.398 
1738,75900, 0.691 , 0.262 
1739,76000, 0.773 , 0.412 
1754,76100, 0.494 , 0.347 
1755,76200, 0.765 , 0.697 
1756,76300, 0.738 , 0.422 
1757,76400, 1.020 , 0.319 
1758,76500, 0.809 , 0.429 
1759,76600, 0.790 , 0.388 
1760,76700, 0.628 , 0.271 
1761,76800, 0.886 , 0.294 
1762,76900, 0.836 , 0.260 
1763,77000, 0.792 , 0.442 
1778,77100, 1.008 , 0.432 
1779,77200, 0.653 , 0.305 
1780,77300, 0.764 , 0.294 
1781,77400, 0.816 , 0.329 
1782,77500, 0.692 , 0.302 
1783,77600, 1.016 , 0.326 
1784,77700, 0.743 , 0.207 
1785,77800, 0.784 , 0.429 
1786,77900, 0.749 , 0.476 
1787,78000, 0.616 , 0.393 
1802,78100, 0.906 , 0.192 
1803,78200, 0.678 , 0.566 
1804,78300, 0.660 , 0.164 
1805,78400, 0.819 , 0.472 
1806,78500, 0.539 , 0.578 
1807,78600, 0.554 , 0.331 
1808,78700, 0.867 , 0.387 
1809,78800, 0.662 , 0.376 
1810,78900, 0.805 , 0.196 
1811,79000, 0.781 , 0.585 
1826,79100, 0.625 , 0.383 
1827,79200, 0.888 , 0.353 
1828,79300, 0.764 , 0.369 
1829,79400, 0.734 , 0.371 
1830,79500, 0.699 , 0.390 
1831,79600, 0.911 , 0.334 
1832,79700, 0.676 , 0.406 
1833,79800, 0.785 , 0.285 
1834,79900, 0.680 , 0.522 
1835,80000, 1.173 , 0.400 
1850,80100, 0.674 , 0.792 
1851,80200, 0.817 , 0.466 
1852,80300, 0.819 , 0.219 
1853,80400, 0.586 , 0.481 
1854,80500, 0.707 , 0.375 
1855,80600, 0.803 , 0.493 
1856,80700, 0.839 , 0.469 
1857,80800, 0.746 , 0.288 
1858,80900, 0.763 , 0.208 
1859,81000, 0.819 , 0.416 
1874,81100, 0.779 , 0.310 
1875,81200, 0.590 , 0.556 
1876,81300, 0.705 , 0.512 
1877,81400, 0.964 , 0.486 
1878,81500, 0.841 , 0.476 
1879,81600, 0.750 , 0.435 
1880,81700, 0.776 , 0.524 
1881,81800, 0.656 , 0.258 
1882,81900, 0.667 , 0.416 
1883,82000, 0.708 , 0.469 
1898,82100, 0.668 , 0.326 
1899,82200, 0.812 , 0.387 
1900,82300, 0.639 , 0.728 
1901,82400, 0.728 , 0.216 
1902,82500, 0.534 , 0.724 
1903,82600, 0.778 , 0.258 
1904,82700, 0.700 , 0.576 
1905,82800, 0.911 , 0.533 
1906,82900, 0.703 , 0.347 
1907,83000, 0.720 , 0.503 
1922,83100, 0.833 , 0.454 
1923,83200, 0.756 , 0.439 
1924,83300, 0.709 , 0.457 
1925,83400, 0.727 , 0.428 
1926,83500, 0.643 , 0.439 
1927,83600, 0.817 , 0.235 
1928,83700, 0.605 , 0.272 
1929,83800, 0.879 , 0.314 
1930,83900, 0.638 , 0.487 
1931,84000, 0.815 , 0.484 
1946,84100, 0.849 , 0.447 
1947,84200, 0.929 , 0.387 
1948,84300, 0.722 , 0.153 
1949,84400, 0.747 , 0.384 
1950,84500, 0.708 , 0.236 
1951,84600, 0.925 , 0.240 
1952,84700, 0.812 , 0.225 
1953,84800, 0.708 , 0.467 
1954,84900, 0.635 , 0.441 
1955,85000, 0.799 , 0.458 
1970,85100, 0.587 , 0.434 
1971,85200, 0.564 , 0.409 
1972,85300, 0.701 , 0.333 
1973,85400, 0.733 , 0.344 
1974,85500, 0.722 , 0.309 
1975,85600, 0.748 , 0.310 
1976,85700, 0.653 , 0.411 
1977,85800, 0.753 , 0.336 
1978,85900, 0.726 , 0.284 
1979,86000, 0.659 , 0.228 
1994,86100, 0.681 , 0.377 
1995,86200, 0.953 , 0.380 
1996,86300, 0.585 , 0.360 
1997,86400, 0.781 , 0.349 
1998,86500, 0.644 , 0.407 
1999,86600, 0.641 , 0.297 
2000,86700, 0.693 , 0.265 
2001,86800, 0.723 , 0.390 
2002,86900, 0.861 , 0.437 
2003,87000, 0.968 , 0.363 
2018,87100, 0.722 , 0.218 
2019,87200, 0.705 , 0.451 
2020,87300, 0.829 , 0.273 
2021,87400, 0.716 , 0.474 
2022,87500, 0.776 , 0.217 
2023,87600, 0.746 , 0.362 
2024,87700, 0.595 , 0.366 
2025,87800, 0.691 , 0.428 
2026,87900, 0.710 , 0.401 
2027,88000, 0.813 , 0.342 
2042,88100, 0.702 , 0.395 
2043,88200, 0.729 , 0.416 
2044,88300, 0.728 , 0.426 
2045,88400, 0.700 , 0.159 
2046,88500, 0.697 , 0.309 
2047,88600, 0.816 , 0.347 
2048,88700, 0.608 , 0.179 
2049,88800, 0.698 , 0.283 
2050,88900, 0.668 , 0.627 
2051,89000, 0.699 , 0.504 
2066,89100, 0.606 , 0.451 
2067,89200, 0.958 , 0.441 
2068,89300, 0.787 , 0.443 
2069,89400, 0.808 , 0.303 
2070,89500, 0.593 , 0.264 
2071,89600, 0.685 , 0.322 
2072,89700, 0.803 , 0.457 
2073,89800, 0.566 , 0.283 
2074,89900, 0.871 , 0.252 
2075,90000, 0.757 , 0.356 
2090,90100, 0.909 , 0.368 
2091,90200, 0.804 , 0.157 
2092,90300, 0.858 , 0.420 
2093,90400, 0.788 , 0.295 
2094,90500, 0.697 , 0.314 
2095,90600, 0.845 , 0.507 
2096,90700, 0.915 , 0.473 
2097,90800, 0.711 , 0.403 
2098,90900, 0.878 , 0.359 
2099,91000, 0.605 , 0.540 
2114,91100, 0.707 , 0.358 
2115,91200, 0.784 , 0.254 
2116,91300, 0.862 , 0.259 
2117,91400, 0.767 , 0.283 
2118,91500, 0.811 , 0.281 
2119,91600, 0.774 , 0.361 
2120,91700, 0.736 , 0.434 
2121,91800, 0.717 , 0.179 
2122,91900, 0.542 , 0.294 
2123,92000, 0.705 , 0.437 
2138,92100, 0.640 , 0.414 
2139,92200, 0.910 , 0.454 
2140,92300, 0.914 , 0.338 
2141,92400, 0.632 , 0.632 
2142,92500, 0.688 , 0.372 
2143,92600, 0.883 , 0.514 
2144,92700, 0.818 , 0.381 
2145,92800, 0.613 , 0.461 
2146,92900, 0.927 , 0.464 
2147,93000, 0.614 , 0.446 
2162,93100, 0.681 , 0.442 
2163,93200, 0.640 , 0.413 
2164,93300, 0.628 , 0.227 
2165,93400, 0.645 , 0.456 
2166,93500, 0.605 , 0.511 
2167,93600, 0.786 , 0.449 
2168,93700, 0.850 , 0.420 
2169,93800, 0.671 , 0.344 
2170,93900, 0.665 , 0.305 
2171,94000, 0.861 , 0.317 
2186,94100, 0.754 , 0.269 
2187,94200, 0.617 , 0.318 
2188,94300, 0.618 , 0.335 
2189,94400, 0.753 , 0.350 
2190,94500, 0.736 , 0.437 
2191,94600, 0.661 , 0.392 
2192,94700, 0.716 , 0.266 
2193,94800, 0.548 , 0.370 
2194,94900, 0.754 , 0.261 
2195,95000, 0.754 , 0.308 
2210,95100, 0.755 , 1.031 
2211,95200, 0.845 , 0.314 
2212,95300, 0.669 , 0.677 
2213,95400, 0.563 , 0.153 
2214,95500, 0.642 , 0.391 
2215,95600, 0.789 , 0.453 
2216,95700, 0.761 , 0.262 
2217,95800, 0.699 , 0.293 
2218,95900, 0.516 , 0.257 
2219,96000, 0.592 , 0.316 
2234,96100, 0.715 , 0.166 
2235,96200, 0.681 , 0.450 
2236,96300, 0.469 , 0.211 
2237,96400, 0.729 , 0.291 
2238,96500, 0.460 , 0.311 
2239,96600, 0.740 , 0.342 
2240,96700, 0.727 , 0.350 
2241,96800, 0.821 , 0.295 
2242,96900, 0.602 , 0.184 
2243,97000, 0.700 , 0.216 
2258,97100, 0.610 , 0.284 
2259,97200, 0.712 , 0.242 
2260,97300, 0.541 , 0.241 
2261,97400, 0.619 , 0.876 
2262,97500, 0.807 , 0.206 
2263,97600, 1.082 , 0.320 
2264,97700, 0.909 , 0.232 
2265,97800, 0.587 , 0.305 
2266,97900, 0.955 , 0.430 
2267,98000, 0.910 , 0.328 
2282,98100, 0.704 , 0.377 
2283,98200, 0.786 , 0.384 
2284,98300, 0.628 , 0.356 
2285,98400, 0.739 , 0.374 
2286,98500, 0.612 , 0.401 
2287,98600, 0.542 , 0.530 
2288,98700, 1.020 , 0.236 
2289,98800, 0.544 , 0.441 
2290,98900, 0.755 , 0.266 
2291,99000, 0.491 , 0.395 
2306,99100, 0.787 , 0.472 
2307,99200, 0.839 , 0.443 
2308,99300, 0.926 , 0.418 
2309,99400, 0.653 , 0.400 
2310,99500, 0.577 , 0.172 
2311,99600, 0.614 , 0.355 
2312,99700, 0.629 , 0.214 
2313,99800, 0.846 , 0.211 
2314,99900, 0.487 , 0.473 
2315,100000, 0.594 , 0.520 
2330,100100, 0.850 , 0.317 
2331,100200, 0.690 , 0.296 
2332,100300, 0.609 , 0.406 
2333,100400, 0.859 , 0.378 
2334,100500, 0.941 , 0.158 
2335,100600, 0.818 , 0.265 
2336,100700, 0.665 , 0.197 
2337,100800, 0.624 , 0.256 
2338,100900, 0.687 , 0.292 
2339,101000, 0.705 , 0.396 
2354,101100, 0.739 , 0.450 
2355,101200, 0.907 , 0.330 
2356,101300, 0.578 , 0.363 
2357,101400, 0.670 , 0.193 
2358,101500, 0.773 , 0.304 
2359,101600, 0.647 , 0.268 
2360,101700, 0.764 , 0.279 
2361,101800, 0.675 , 0.315 
2362,101900, 0.679 , 0.254 
2363,102000, 0.663 , 0.244 
2378,102100, 0.713 , 0.168 
2379,102200, 0.697 , 0.399 
2380,102300, 0.591 , 0.505 
2381,102400, 0.778 , 0.438 
2382,102500, 0.754 , 0.414 
2383,102600, 0.821 , 0.438 
2384,102700, 0.671 , 0.431 
2385,102800, 0.749 , 0.435 
2386,102900, 0.646 , 0.413 
2387,103000, 0.761 , 0.420 
2402,103100, 0.739 , 0.436 
2403,103200, 0.558 , 0.423 
2404,103300, 0.827 , 0.415 
2405,103400, 0.683 , 0.271 
2406,103500, 0.676 , 0.358 
2407,103600, 0.682 , 0.462 
2408,103700, 0.860 , 0.349 
2409,103800, 0.575 , 0.386 
2410,103900, 0.841 , 0.274 
2411,104000, 0.652 , 0.243 
2426,104100, 0.768 , 0.457 
2427,104200, 0.670 , 0.115 
2428,104300, 0.766 , 0.304 
2429,104400, 0.920 , 0.385 
2430,104500, 0.807 , 0.313 
2431,104600, 0.615 , 0.256 
2432,104700, 0.802 , 0.270 
2433,104800, 0.731 , 0.333 
2434,104900, 0.674 , 0.160 
2435,105000, 0.820 , 0.381 
2450,105100, 0.728 , 0.323 
2451,105200, 0.693 , 0.291 
2452,105300, 0.710 , 0.435 
2453,105400, 0.796 , 0.374 
2454,105500, 0.714 , 0.393 
2455,105600, 0.753 , 0.354 
2456,105700, 0.570 , 0.386 
2457,105800, 1.112 , 0.381 
2458,105900, 0.605 , 0.360 
2459,106000, 0.683 , 0.360 
2474,106100, 0.561 , 0.146 
2475,106200, 0.761 , 0.455 
2476,106300, 0.868 , 0.323 
2477,106400, 0.664 , 0.215 
2478,106500, 0.712 , 0.449 
2479,106600, 0.925 , 0.185 
2480,106700, 0.883 , 0.401 
2481,106800, 0.887 , 0.407 
2482,106900, 0.694 , 0.400 
2483,107000, 0.966 , 0.392 
2498,107100, 0.673 , 0.435 
2499,107200, 0.922 , 0.169 
2500,107300, 0.785 , 0.489 
2501,107400, 0.833 , 0.274 
2502,107500, 0.675 , 0.314 
2503,107600, 0.743 , 0.278 
2504,107700, 0.586 , 0.330 
2505,107800, 0.658 , 0.312 
2506,107900, 0.646 , 0.197 
2507,108000, 0.722 , 0.511 
2522,108100, 0.492 , 0.229 
2523,108200, 0.935 , 0.241 
2524,108300, 0.730 , 0.430 
2525,108400, 0.652 , 0.435 
2526,108500, 0.736 , 0.264 
2527,108600, 0.648 , 0.312 
2528,108700, 0.660 , 0.235 
2529,108800, 0.720 , 0.413 
2530,108900, 0.668 , 0.399 
2531,109000, 0.710 , 0.366 
2546,109100, 0.634 , 0.368 
2547,109200, 0.656 , 0.365 
2548,109300, 0.654 , 0.362 
2549,109400, 0.607 , 0.243 
2550,109500, 0.774 , 0.272 
2551,109600, 0.654 , 0.444 
2552,109700, 0.675 , 0.386 
2553,109800, 0.619 , 0.379 
2554,109900, 0.769 , 0.366 
2555,110000, 0.741 , 0.356 
2570,110100, 0.767 , 0.351 
2571,110200, 0.692 , 0.366 
2572,110300, 0.574 , 0.313 
2573,110400, 0.709 , 0.169 
2574,110500, 0.690 , 0.276 
2575,110600, 0.599 , 0.299 
2576,110700, 0.698 , 0.371 
2577,110800, 0.773 , 0.330 
2578,110900, 0.615 , 0.362 
2579,111000, 0.676 , 0.342 
2594,111100, 0.699 , 0.345 
2595,111200, 0.707 , 0.219 
2596,111300, 0.620 , 0.337 
2597,111400, 0.911 , 0.469 
2598,111500, 0.591 , 0.404 
2599,111600, 0.590 , 0.379 
2600,111700, 0.862 , 0.348 
2601,111800, 0.779 , 0.347 
2602,111900, 0.727 , 0.357 
2603,112000, 0.639 , 0.342 
2618,112100, 0.830 , 0.286 
2619,112200, 0.884 , 0.248 
2620,112300, 0.630 , 0.270 
2621,112400, 0.650 , 0.270 
2622,112500, 0.686 , 0.294 
2623,112600, 0.898 , 0.262 
2624,112700, 0.584 , 0.274 
2625,112800, 0.635 , 0.297 
2626,112900, 0.644 , 0.346 
2627,113000, 0.626 , 0.251 
2642,113100, 0.837 , 0.272 
2643,113200, 0.753 , 0.485 
2644,113300, 0.688 , 0.272 
2645,113400, 0.609 , 0.290 
2646,113500, 0.836 , 0.197 
2647,113600, 0.793 , 0.151 
2648,113700, 0.506 , 0.394 
2649,113800, 0.888 , 0.303 
2650,113900, 0.677 , 0.338 
2651,114000, 0.738 , 0.242 
2666,114100, 0.648 , 0.229 
2667,114200, 0.652 , 0.468 
2668,114300, 0.748 , 0.590 
2669,114400, 0.826 , 0.235 
2670,114500, 0.883 , 0.439 
2671,114600, 0.644 , 0.403 
2672,114700, 0.738 , 0.374 
2673,114800, 0.618 , 0.388 
2674,114900, 0.598 , 0.369 
2675,115000, 0.832 , 0.353 
2690,115100, 0.795 , 0.343 
2691,115200, 0.690 , 0.156 
2692,115300, 0.639 , 0.361 
2693,115400, 0.656 , 0.336 
2694,115500, 0.654 , 0.446 
2695,115600, 0.676 , 0.312 
2696,115700, 0.657 , 0.269 
2697,115800, 0.754 , 0.332 
2698,115900, 0.804 , 0.215 
2699,116000, 0.940 , 0.317 
2714,116100, 0.632 , 0.259 
2715,116200, 0.630 , 0.219 
2716,116300, 0.816 , 0.292 
2717,116400, 0.840 , 0.311 
2718,116500, 0.868 , 0.273 
2719,116600, 0.635 , 0.263 
2720,116700, 0.850 , 0.343 
2721,116800, 0.922 , 0.408 
2722,116900, 0.624 , 0.403 
2723,117000, 0.602 , 0.365 
2738,117100, 0.710 , 0.347 
2739,117200, 0.821 , 0.355 
2740,117300, 0.826 , 0.337 
2741,117400, 0.757 , 0.274 
2742,117500, 0.877 , 0.389 
2743,117600, 0.641 , 0.282 
2744,117700, 0.647 , 0.224 
2745,117800, 0.655 , 0.314 
2746,117900, 0.656 , 0.367 
2747,118000, 0.817 , 0.305 
2762,118100, 0.702 , 0.360 
2763,118200, 0.852 , 0.408 
2764,118300, 0.481 , 0.268 
2765,118400, 0.540 , 0.322 
2766,118500, 0.753 , 0.385 
2767,118600, 0.667 , 0.298 
2768,118700, 0.878 , 0.419 
2769,118800, 0.557 , 0.404 
2770,118900, 0.826 , 0.374 
2771,119000, 0.677 , 0.414 
2786,119100, 0.753 , 0.361 
2787,119200, 0.853 , 0.383 
2788,119300, 0.550 , 0.403 
2789,119400, 0.595 , 0.375 
2790,119500, 0.773 , 0.354 
2791,119600, 0.683 , 0.225 
2792,119700, 0.892 , 0.176 
2793,119800, 0.858 , 0.578 
2794,119900, 0.679 , 0.392 
2795,120000, 0.886 , 0.268 
2810,120100, 0.716 , 0.283 
2811,120200, 0.914 , 0.296 
2812,120300, 0.616 , 0.245 
2813,120400, 0.665 , 0.275 
2814,120500, 0.745 , 0.303 
2815,120600, 0.760 , 0.176 
2816,120700, 0.659 , 0.209 
2817,120800, 0.881 , 0.309 
2818,120900, 0.672 , 0.293 
2819,121000, 0.627 , 0.316 
2834,121100, 0.595 , 0.324 
2835,121200, 0.605 , 0.288 
2836,121300, 0.756 , 0.389 
2837,121400, 0.844 , 0.329 
2838,121500, 0.818 , 0.331 
2839,121600, 0.853 , 0.363 
2840,121700, 0.654 , 0.267 
2841,121800, 0.560 , 0.292 
2842,121900, 0.732 , 0.254 
2843,122000, 0.892 , 0.287 
2858,122100, 0.602 , 0.297 
2859,122200, 0.640 , 0.279 
2860,122300, 0.925 , 0.564 
2861,122400, 0.773 , 0.378 
2862,122500, 0.564 , 0.344 
2863,122600, 0.775 , 0.182 
2864,122700, 0.844 , 0.242 
2865,122800, 0.603 , 0.178 
2866,122900, 0.677 , 0.217 
2867,123000, 0.548 , 0.306 
2882,123100, 0.648 , 0.221 
2883,123200, 0.748 , 0.151 
2884,123300, 0.629 , 0.350 
2885,123400, 0.596 , 0.336 
2886,123500, 0.819 , 0.350 
2887,123600, 0.619 , 0.440 
2888,123700, 0.775 , 0.304 
2889,123800, 0.527 , 0.337 
2890,123900, 0.650 , 0.244 
2891,124000, 0.610 , 0.360 
2906,124100, 0.673 , 0.274 
2907,124200, 0.671 , 0.263 
2908,124300, 0.668 , 0.253 
2909,124400, 0.641 , 0.286 
2910,124500, 0.675 , 0.276 
2911,124600, 0.674 , 0.370 
2912,124700, 0.742 , 0.338 
2913,124800, 0.828 , 0.340 
2914,124900, 0.593 , 0.331 
2915,125000, 0.847 , 0.318 
2930,125100, 0.767 , 0.323 
2931,125200, 0.765 , 0.285 
2932,125300, 0.724 , 0.212 
2933,125400, 0.852 , 0.236 
2934,125500, 0.561 , 0.204 
2935,125600, 0.471 , 0.358 
2936,125700, 0.809 , 0.422 
2937,125800, 0.725 , 0.295 
2938,125900, 0.692 , 0.232 
2939,126000, 0.641 , 0.288 
2954,126100, 0.557 , 0.286 
2955,126200, 0.785 , 0.334 
2956,126300, 0.700 , 0.305 
2957,126400, 0.763 , 0.323 
2958,126500, 0.685 , 0.291 
2959,126600, 0.779 , 0.223 
2960,126700, 0.792 , 0.306 
2961,126800, 0.713 , 0.345 
2962,126900, 0.625 , 0.407 
2963,127000, 0.842 , 0.373 
2978,127100, 0.642 , 0.348 
2979,127200, 0.969 , 0.402 
2980,127300, 0.604 , 0.363 
2981,127400, 0.539 , 0.352 
2982,127500, 0.826 , 0.357 
2983,127600, 0.583 , 0.279 
2984,127700, 0.484 , 0.303 
2985,127800, 0.786 , 0.215 
2986,127900, 0.716 , 0.247 
2987,128000, 0.752 , 0.236 
3002,128100, 0.798 , 0.235 
3003,128200, 0.857 , 0.266 
3004,128300, 0.826 , 0.292 
3005,128400, 0.975 , 0.537 
3006,128500, 0.839 , 0.167 
3007,128600, 0.755 , 0.395 
3008,128700, 0.632 , 0.349 
3009,128800, 0.784 , 0.307 
3010,128900, 0.748 , 0.215 
3011,129000, 0.784 , 0.163 
3026,129100, 0.912 , 0.331 
3027,129200, 0.785 , 0.298 
3028,129300, 0.911 , 0.352 
3029,129400, 0.580 , 0.306 
3030,129500, 0.655 , 0.296 
3031,129600, 0.684 , 0.312 
3032,129700, 0.767 , 0.349 
3033,129800, 0.711 , 0.318 
3034,129900, 0.812 , 0.356 
3035,130000, 0.716 , 0.250 
3050,130100, 0.684 , 0.356 
3051,130200, 0.668 , 0.284 
3052,130300, 0.775 , 0.277 
3053,130400, 0.663 , 0.265 
3054,130500, 0.579 , 0.269 
3055,130600, 0.849 , 0.128 
3056,130700, 0.596 , 0.316 
3057,130800, 0.721 , 0.298 
3058,130900, 0.554 , 0.197 
3059,131000, 0.806 , 0.231 
3074,131100, 0.728 , 0.219 
3075,131200, 0.738 , 0.226 
3076,131300, 0.524 , 0.209 
3077,131400, 0.684 , 0.258 
3078,131500, 0.485 , 0.324 
3079,131600, 0.560 , 0.319 
3080,131700, 0.602 , 0.118 
3081,131800, 0.873 , 0.346 
3082,131900, 0.686 , 0.149 
3083,132000, 0.708 , 0.175 
3098,132100, 0.814 , 0.316 
3099,132200, 0.546 , 0.256 
3100,132300, 0.857 , 0.270 
3101,132400, 0.731 , 0.244 
3102,132500, 0.939 , 0.271 
3103,132600, 0.781 , 0.267 
3104,132700, 0.626 , 0.219 
3105,132800, 0.658 , 0.313 
3106,132900, 0.593 , 0.330 
3107,133000, 0.601 , 0.300 
3122,133100, 0.677 , 0.347 
3123,133200, 0.665 , 0.226 
3124,133300, 0.631 , 0.367 
3125,133400, 0.710 , 0.370 
3126,133500, 0.762 , 0.359 
3127,133600, 0.613 , 0.344 
3128,133700, 0.822 , 0.320 
3129,133800, 0.996 , 0.276 
3130,133900, 0.765 , 0.355 
3131,134000, 0.516 , 0.298 
3146,134100, 0.724 , 0.309 
3147,134200, 0.797 , 0.143 
3148,134300, 0.763 , 0.150 
3149,134400, 0.541 , 0.232 
3150,134500, 0.790 , 0.388 
3151,134600, 0.664 , 0.244 
3152,134700, 0.531 , 0.384 
3153,134800, 0.788 , 0.439 
3154,134900, 0.803 , 0.253 
3155,135000, 0.598 , 0.345 
3170,135100, 0.591 , 0.398 
3171,135200, 0.598 , 0.212 
3172,135300, 0.540 , 0.307 
3173,135400, 0.677 , 0.298 
3174,135500, 0.635 , 0.406 
3175,135600, 0.573 , 0.401 
3176,135700, 0.633 , 0.373 
3177,135800, 0.671 , 0.341 
3178,135900, 0.546 , 0.229 
3179,136000, 0.763 , 0.282 
3194,136100, 0.563 , 0.250 
3195,136200, 0.439 , 0.495 
3196,136300, 0.578 , 0.306 
3197,136400, 0.702 , 0.375 
3198,136500, 0.724 , 0.311 
3199,136600, 0.738 , 0.303 
3200,136700, 0.827 , 0.327 
3201,136800, 0.795 , 0.324 
3202,136900, 0.471 , 0.256 
3203,137000, 0.543 , 0.440 
3218,137100, 0.729 , 0.454 
3219,137200, 0.765 , 0.162 
3220,137300, 0.615 , 0.236 
3221,137400, 0.677 , 0.253 
3222,137500, 0.734 , 0.173 
3223,137600, 0.761 , 0.355 
3224,137700, 0.800 , 0.506 
3225,137800, 0.700 , 0.163 
3226,137900, 0.667 , 0.337 
3227,138000, 0.608 , 0.326 
3242,138100, 0.778 , 0.273 
3243,138200, 0.775 , 0.266 
3244,138300, 0.590 , 0.260 
3245,138400, 0.844 , 0.268 
3246,138500, 0.630 , 0.295 
3247,138600, 0.755 , 0.304 
3248,138700, 0.680 , 0.342 
3249,138800, 0.608 , 0.339 
3250,138900, 0.499 , 0.320 
3251,139000, 0.643 , 0.279 
3266,139100, 0.710 , 0.251 
3267,139200, 0.906 , 0.260 
3268,139300, 0.659 , 0.331 
3269,139400, 0.765 , 0.329 
3270,139500, 0.664 , 0.301 
3271,139600, 0.511 , 0.286 
3272,139700, 0.618 , 0.272 
3273,139800, 0.736 , 0.282 
3274,139900, 0.612 , 0.259 
3275,140000, 0.875 , 0.267 
3290,140100, 0.826 , 0.288 
3291,140200, 0.571 , 0.205 
3292,140300, 0.609 , 0.432 
3293,140400, 0.723 , 0.350 
3294,140500, 0.732 , 0.342 
3295,140600, 0.825 , 0.397 
3296,140700, 0.847 , 0.343 
3297,140800, 0.653 , 0.371 
3298,140900, 0.674 , 0.345 
3299,141000, 0.780 , 0.334 
3314,141100, 0.763 , 0.324 
3315,141200, 0.647 , 0.218 
3316,141300, 0.643 , 0.241 
3317,141400, 0.474 , 0.171 
3318,141500, 0.655 , 0.289 
3319,141600, 0.698 , 0.307 
3320,141700, 0.522 , 0.274 
3321,141800, 0.661 , 0.253 
3322,141900, 0.781 , 0.265 
3323,142000, 0.697 , 0.245 
3338,142100, 0.561 , 0.143 
3339,142200, 0.660 , 0.329 
3340,142300, 0.661 , 0.294 
3341,142400, 0.615 , 0.248 
3342,142500, 0.682 , 0.263 
3343,142600, 1.030 , 0.244 
3344,142700, 0.599 , 0.267 
3345,142800, 0.714 , 0.156 
3346,142900, 0.646 , 0.385 
3347,143000, 0.621 , 0.342 
3362,143100, 0.720 , 0.364 
3363,143200, 0.751 , 0.357 
3364,143300, 0.725 , 0.342 
3365,143400, 0.618 , 0.145 
3366,143500, 0.814 , 0.325 
3367,143600, 0.849 , 0.269 
3368,143700, 0.710 , 0.183 
3369,143800, 0.677 , 0.411 
3370,143900, 0.723 , 0.248 
3371,144000, 0.561 , 0.221 
3386,144100, 0.711 , 0.239 
3387,144200, 0.642 , 0.230 
3388,144300, 0.754 , 0.243 
3389,144400, 0.687 , 0.401 
3390,144500, 0.683 , 0.315 
3391,144600, 0.755 , 0.316 
3392,144700, 0.697 , 0.345 
3393,144800, 0.745 , 0.331 
3394,144900, 0.777 , 0.297 
3395,145000, 0.625 , 0.300 
3410,145100, 0.623 , 0.220 
3411,145200, 0.580 , 0.135 
3412,145300, 0.744 , 0.161 
3413,145400, 0.743 , 0.228 
3414,145500, 0.622 , 0.264 
3415,145600, 0.659 , 0.237 
3416,145700, 0.762 , 0.353 
3417,145800, 0.727 , 0.341 
3418,145900, 0.752 , 0.362 
3419,146000, 0.438 , 0.341 
3434,146100, 0.540 , 0.320 
3435,146200, 0.665 , 0.190 
3436,146300, 0.792 , 0.304 
3437,146400, 0.863 , 0.302 
3438,146500, 0.716 , 0.321 
3439,146600, 0.657 , 0.325 
3440,146700, 0.596 , 0.292 
3441,146800, 0.557 , 0.152 
3442,146900, 0.677 , 0.265 
3443,147000, 0.640 , 0.211 
3458,147100, 0.660 , 0.237 
3459,147200, 0.556 , 0.210 
3460,147300, 0.579 , 0.211 
3461,147400, 0.726 , 0.227 
3462,147500, 0.677 , 0.110 
3463,147600, 0.679 , 0.212 
3464,147700, 0.613 , 0.292 
3465,147800, 0.763 , 0.226 
3466,147900, 0.699 , 0.263 
3467,148000, 0.756 , 0.113 
3482,148100, 0.793 , 0.295 
3483,148200, 0.873 , 0.301 
3484,148300, 0.745 , 0.361 
3485,148400, 0.670 , 0.158 
3486,148500, 0.795 , 0.140 
3487,148600, 0.576 , 0.308 
3488,148700, 0.985 , 0.296 
3489,148800, 0.905 , 0.238 
3490,148900, 0.729 , 0.259 
3491,149000, 0.709 , 0.256 
3506,149100, 0.692 , 0.253 
3507,149200, 0.668 , 0.310 
3508,149300, 0.649 , 0.153 
3509,149400, 0.740 , 0.275 
3510,149500, 0.806 , 0.115 
3511,149600, 0.554 , 0.243 
3512,149700, 0.733 , 0.250 
3513,149800, 0.627 , 0.231 
3514,149900, 0.809 , 0.208 
3515,150000, 0.731 , 0.117 
3530,150100, 0.725 , 0.316 
3531,150200, 0.638 , 0.433 
3532,150300, 0.687 , 0.290 
3533,150400, 0.671 , 0.246 
3534,150500, 0.550 , 0.202 
3535,150600, 0.793 , 0.242 
3536,150700, 0.736 , 0.327 
3537,150800, 0.667 , 0.249 
3538,150900, 0.761 , 0.224 
3539,151000, 0.693 , 0.265 
3554,151100, 0.676 , 0.222 
3555,151200, 0.609 , 0.198 
3556,151300, 0.610 , 0.195 
3557,151400, 0.699 , 0.289 
3558,151500, 0.710 , 0.305 
3559,151600, 0.719 , 0.274 
3560,151700, 0.826 , 0.321 
3561,151800, 0.862 , 0.368 
3562,151900, 0.723 , 0.312 
3563,152000, 0.692 , 0.261 
3578,152100, 0.545 , 0.485 
3579,152200, 0.660 , 0.718 
3580,152300, 0.881 , 0.384 
3581,152400, 0.546 , 0.208 
3582,152500, 0.732 , 0.333 
3583,152600, 0.779 , 0.299 
3584,152700, 0.526 , 0.332 
3585,152800, 0.705 , 0.311 
3586,152900, 0.667 , 0.335 
3587,153000, 0.692 , 0.388 
3602,153100, 0.699 , 0.271 
3603,153200, 0.592 , 0.274 
3604,153300, 0.713 , 0.263 
3605,153400, 0.612 , 0.244 
3606,153500, 0.563 , 0.254 
3607,153600, 0.570 , 0.228 
3608,153700, 0.754 , 0.189 
3609,153800, 0.585 , 0.228 
3610,153900, 0.671 , 0.224 
3611,154000, 0.592 , 0.186 
3626,154100, 0.895 , 0.243 
3627,154200, 0.766 , 0.184 
3628,154300, 0.811 , 0.328 
3629,154400, 0.743 , 0.142 
3630,154500, 0.946 , 0.200 
3631,154600, 0.723 , 0.285 
3632,154700, 0.607 , 0.315 
3633,154800, 0.782 , 0.321 
3634,154900, 0.653 , 0.285 
3635,155000, 0.792 , 0.294 
3650,155100, 0.643 , 0.323 
3651,155200, 0.654 , 0.163 
3652,155300, 0.738 , 0.109 
3653,155400, 0.781 , 0.335 
3654,155500, 0.739 , 0.273 
3655,155600, 0.752 , 0.269 
3656,155700, 0.567 , 0.316 
3657,155800, 0.908 , 0.180 
3658,155900, 0.716 , 0.277 
3659,156000, 0.795 , 0.345 
3674,156100, 0.592 , 0.214 
3675,156200, 0.827 , 0.338 
3676,156300, 0.540 , 0.294 
3677,156400, 0.660 , 0.284 
3678,156500, 0.675 , 0.250 
3679,156600, 0.851 , 0.303 
3680,156700, 0.746 , 0.246 
3681,156800, 0.649 , 0.299 
3682,156900, 0.712 , 0.256 
3683,157000, 0.860 , 0.320 
3698,157100, 0.696 , 0.170 
3699,157200, 0.632 , 0.278 
3700,157300, 0.654 , 0.247 
3701,157400, 0.756 , 0.253 
3702,157500, 0.559 , 0.254 
3703,157600, 0.659 , 0.232 
3704,157700, 0.729 , 0.278 
3705,157800, 0.813 , 0.345 
3706,157900, 0.804 , 0.289 
3707,158000, 0.736 , 0.150 
3722,158100, 0.757 , 0.229 
3723,158200, 0.566 , 0.219 
3724,158300, 0.803 , 0.310 
3725,158400, 0.578 , 0.340 
3726,158500, 0.653 , 0.232 
3727,158600, 0.676 , 0.321 
3728,158700, 0.564 , 0.330 
3729,158800, 0.712 , 0.348 
3730,158900, 0.707 , 0.325 
3731,159000, 0.791 , 0.333 
3746,159100, 0.809 , 0.319 
3747,159200, 0.827 , 0.398 
3748,159300, 0.582 , 0.120 
3749,159400, 0.716 , 0.256 
3750,159500, 0.699 , 0.228 
3751,159600, 0.556 , 0.341 
3752,159700, 0.941 , 0.223 
3753,159800, 0.645 , 0.315 
3754,159900, 0.601 , 0.275 
3755,160000, 0.721 , 0.231 
3770,160100, 0.709 , 0.232 
3771,160200, 0.603 , 0.198 
3772,160300, 0.851 , 0.252 
3773,160400, 0.623 , 0.365 
3774,160500, 0.708 , 0.285 
3775,160600, 0.862 , 0.163 
3776,160700, 0.792 , 0.386 
3777,160800, 0.685 , 0.275 
3778,160900, 0.720 , 0.787 
3779,161000, 0.606 , 0.139 
3794,161100, 0.764 , 0.163 
3795,161200, 0.546 , 0.145 
3796,161300, 0.787 , 0.211 
3797,161400, 0.935 , 0.229 
3798,161500, 0.785 , 0.216 
3799,161600, 0.688 , 0.205 
3800,161700, 0.687 , 0.199 
3801,161800, 0.601 , 0.203 
3802,161900, 0.687 , 0.148 
3803,162000, 0.681 , 0.303 
3818,162100, 0.960 , 0.296 
3819,162200, 0.471 , 0.305 
3820,162300, 0.572 , 0.295 
3821,162400, 0.645 , 0.267 
3822,162500, 0.690 , 0.212 
3823,162600, 0.695 , 0.171 
3824,162700, 0.741 , 0.223 
3825,162800, 0.649 , 0.204 
3826,162900, 0.661 , 0.344 
3827,163000, 0.683 , 0.253 
3842,163100, 0.589 , 0.326 
3843,163200, 0.739 , 0.329 
3844,163300, 0.633 , 0.329 
3845,163400, 0.607 , 0.226 
3846,163500, 0.687 , 0.326 
3847,163600, 0.688 , 0.219 
3848,163700, 0.879 , 0.242 
3849,163800, 0.640 , 0.224 
3850,163900, 0.671 , 0.204 
3851,164000, 0.699 , 0.228 
3866,164100, 0.804 , 0.279 
3867,164200, 0.624 , 0.244 
3868,164300, 0.539 , 0.239 
3869,164400, 0.546 , 0.227 
3870,164500, 0.879 , 0.267 
3871,164600, 0.622 , 0.256 
3872,164700, 0.699 , 0.280 
3873,164800, 0.666 , 0.258 
3874,164900, 0.766 , 0.302 
3875,165000, 0.787 , 0.449 
3890,165100, 0.655 , 0.581 
3891,165200, 0.538 , 0.166 
3892,165300, 0.751 , 0.418 
3893,165400, 0.752 , 0.162 
3894,165500, 0.579 , 0.146 
3895,165600, 0.695 , 0.250 
3896,165700, 0.829 , 0.109 
3897,165800, 0.929 , 0.347 
3898,165900, 0.644 , 0.269 
3899,166000, 0.649 , 0.130 
3914,166100, 0.617 , 0.245 
3915,166200, 0.876 , 0.214 
3916,166300, 0.634 , 0.236 
3917,166400, 0.605 , 0.195 
3918,166500, 0.730 , 0.230 
3919,166600, 0.583 , 0.241 
3920,166700, 0.674 , 0.173 
3921,166800, 0.770 , 0.158 
3922,166900, 0.825 , 0.109 
3923,167000, 0.935 , 0.232 
3938,167100, 0.722 , 0.352 
3939,167200, 0.512 , 0.309 
3940,167300, 0.804 , 0.297 
3941,167400, 0.955 , 0.236 
3942,167500, 0.741 , 0.240 
3943,167600, 0.602 , 0.291 
3944,167700, 0.630 , 0.134 
3945,167800, 0.542 , 0.224 
3946,167900, 0.641 , 0.224 
3947,168000, 0.632 , 0.223 
3962,168100, 0.924 , 0.227 
3963,168200, 0.535 , 0.208 
3964,168300, 0.662 , 0.231 
3965,168400, 0.778 , 0.209 
3966,168500, 0.623 , 0.326 
3967,168600, 0.615 , 0.366 
